<?xml version="1.0" encoding="UTF-8"?>
<con:soapui-project id="ad0d75fb-dc3e-4bae-a6e0-9be8fc6e2ed6" activeEnvironment="Default" name="Project 1" resourceRoot="" soapui-version="5.4.0" abortOnError="false" runType="SEQUENTIAL" xmlns:con="http://eviware.com/soapui/config"><con:settings/><con:interface xsi:type="con:WsdlInterface" id="e69452cd-87cf-4017-b240-d7ab376cbbd8" wsaVersion="NONE" name="GetProductImplServiceSoapBinding" type="wsdl" bindingName="{http://services.informa.es/si/gps}GetProductImplServiceSoapBinding" soapVersion="1_1" anonymous="optional" definition="file:/D:/cxf/_tests/informaTest/informa_gps.wsdl" xmlns:xsi="http://www.w3.org/2001/XMLSchema-instance"><con:settings><con:setting id="CreateWsdlDocumentationAction@report-directory">D:\cxf\_tests\informa</con:setting></con:settings><con:definitionCache type="TEXT" rootPart="file:/D:/cxf/_tests/informaTest/informa_gps.wsdl"><con:part><con:url>file:/D:/cxf/_tests/informaTest/informa_gps.wsdl</con:url><con:content><![CDATA[<wsdl:definitions name="GetProductImplService" targetNamespace="http://services.informa.es/si/gps" xmlns:ns1="http://cxf.apache.org/bindings/xformat" xmlns:soap="http://schemas.xmlsoap.org/wsdl/soap/" xmlns:tns="http://services.informa.es/si/gps" xmlns:wsdl="http://schemas.xmlsoap.org/wsdl/" xmlns:xsd="http://www.w3.org/2001/XMLSchema">
  <wsdl:types>
    <xs:schema attributeFormDefault="unqualified" elementFormDefault="unqualified" targetNamespace="http://services.informa.es/si/gps" xmlns:xs="http://www.w3.org/2001/XMLSchema">
      <xs:element name="getProduct" nillable="true" type="tns:getProductType"/>
      <xs:element name="getProductResponse" nillable="true" type="tns:getProductResponseType"/>
      <xs:element name="getTables" nillable="true" type="tns:getTablesType"/>
      <xs:element name="getTablesResponse" nillable="true" type="tns:getTablesResponseType"/>
      <xs:complexType name="getTablesType">
        <xs:all>
          <xs:element name="userId" type="xs:string"/>
          <xs:element name="password" type="xs:string"/>
          <xs:element name="languageCode" type="xs:string"/>
        </xs:all>
      </xs:complexType>
      <xs:complexType name="getTablesResponseType">
        <xs:sequence>
          <xs:element name="ok" type="xs:boolean"/>
          <xs:element name="versionCode" nillable="true" type="xs:string"/>
          <xs:element name="tablasInformacionComercial" nillable="true" type="xs:anyType"/>
        </xs:sequence>
      </xs:complexType>
      <xs:complexType name="getProductType">
        <xs:all>
          <xs:element name="userId" type="xs:string"/>
          <xs:element name="password" type="xs:string"/>
          <xs:element name="productCode" type="xs:string"/>
          <xs:element name="productVersion" type="xs:string"/>
          <xs:element name="parameters" type="tns:parametersType"/>
        </xs:all>
      </xs:complexType>
      <xs:complexType name="parametersType">
        <xs:sequence>
          <xs:element maxOccurs="unbounded" minOccurs="0" name="parameter" nillable="true" type="tns:parameterType"/>
        </xs:sequence>
      </xs:complexType>
      <xs:complexType name="parameterType">
        <xs:simpleContent>
          <xs:extension base="xs:string">
            <xs:attribute name="name" type="xs:string" use="required"/>
          </xs:extension>
        </xs:simpleContent>
      </xs:complexType>
      <xs:complexType name="getProductResponseType">
        <xs:sequence>
          <xs:element name="ok" type="xs:boolean"/>
          <xs:element name="errorCode" type="xs:int"/>
          <xs:element name="errorDescription" nillable="true" type="xs:string"/>
          <xs:element name="internalCode" nillable="true" type="xs:string"/>
          <xs:element name="versionCode" nillable="true" type="xs:string"/>
          <xs:element name="reference" nillable="true" type="xs:string"/>
          <xs:element name="product" nillable="true" type="xs:anyType"/>
          <xs:element minOccurs="0" name="attach" ns1:expectedContentTypes="application/octet-stream" type="xs:base64Binary" xmlns:ns1="http://www.w3.org/2005/05/xmlmime"/>
        </xs:sequence>
      </xs:complexType>
    </xs:schema>
  </wsdl:types>
  <wsdl:message name="getProduct">
    <wsdl:part element="tns:getProduct" name="req"/>
  </wsdl:message>
  <wsdl:message name="getTablesResponse">
    <wsdl:part element="tns:getTablesResponse" name="res"/>
  </wsdl:message>
  <wsdl:message name="getTables">
    <wsdl:part element="tns:getTables" name="req"/>
  </wsdl:message>
  <wsdl:message name="getProductResponse">
    <wsdl:part element="tns:getProductResponse" name="res"/>
  </wsdl:message>
  <wsdl:portType name="GetProduct">
    <wsdl:operation name="getTables">
      <wsdl:input message="tns:getTables" name="getTables"/>
      <wsdl:output message="tns:getTablesResponse" name="getTablesResponse"/>
    </wsdl:operation>
    <wsdl:operation name="getProduct">
      <wsdl:input message="tns:getProduct" name="getProduct"/>
      <wsdl:output message="tns:getProductResponse" name="getProductResponse"/>
    </wsdl:operation>
  </wsdl:portType>
  <wsdl:binding name="GetProductImplServiceSoapBinding" type="tns:GetProduct">
    <soap:binding style="document" transport="http://schemas.xmlsoap.org/soap/http"/>
    <wsdl:operation name="getTables">
      <soap:operation soapAction="" style="document"/>
      <wsdl:input name="getTables">
        <soap:body use="literal"/>
      </wsdl:input>
      <wsdl:output name="getTablesResponse">
        <soap:body use="literal"/>
      </wsdl:output>
    </wsdl:operation>
    <wsdl:operation name="getProduct">
      <soap:operation soapAction="" style="document"/>
      <wsdl:input name="getProduct">
        <soap:body use="literal"/>
      </wsdl:input>
      <wsdl:output name="getProductResponse">
        <soap:body use="literal"/>
      </wsdl:output>
    </wsdl:operation>
  </wsdl:binding>
  <wsdl:service name="GetProductImplService">
    <wsdl:port binding="tns:GetProductImplServiceSoapBinding" name="GetProductPort">
      <soap:address location="https://services.informa.es/soap/gps"/>
    </wsdl:port>
  </wsdl:service>
</wsdl:definitions>]]></con:content><con:type>http://schemas.xmlsoap.org/wsdl/</con:type></con:part></con:definitionCache><con:endpoints><con:endpoint>https://services.informa.es/soap/gps</con:endpoint></con:endpoints><con:operation id="00ff2459-36d3-496e-9da7-a9a93bc46c56" isOneWay="false" action="" name="getProduct" bindingOperationName="getProduct" type="Request-Response" outputName="getProductResponse" inputName="getProduct" receivesAttachments="false" sendsAttachments="false" anonymous="optional"><con:settings/><con:call id="308821d3-efde-4ab9-afdc-023ff86ceb54" name="Request 1"><con:settings><con:setting id="com.eviware.soapui.impl.wsdl.WsdlRequest@request-headers">&lt;xml-fragment/></con:setting></con:settings><con:encoding>UTF-8</con:encoding><con:endpoint>https://services.informa.es/soap/gps</con:endpoint><con:request><![CDATA[<soapenv:Envelope xmlns:soapenv="http://schemas.xmlsoap.org/soap/envelope/" xmlns:gps="http://services.informa.es/si/gps">\r
   <soapenv:Header/>\r
   <soapenv:Body>\r
      <gps:getProduct>\r
         <!--You may enter the following 5 items in any order-->\r
         <userId>597750</userId>\r
         <password>88FIAT</password>\r
         <productCode>INFORME_MAYOR</productCode>\r
         <productVersion>1.2</productVersion>\r
         <parameters>\r
            <!--Zero or more repetitions:-->\r
            <parameter name="CIF">A80192727</parameter>
            <parameter name="NORMALIZADO">1</parameter>
            <parameter name="FORMATO_PGC">1</parameter>
         </parameters>\r
      </gps:getProduct>\r
   </soapenv:Body>\r
</soapenv:Envelope>]]></con:request><con:credentials><con:authType>No Authorization</con:authType></con:credentials><con:jmsConfig JMSDeliveryMode="PERSISTENT"/><con:jmsPropertyConfig/><con:wsaConfig mustUnderstand="NONE" version="200508" action="http://services.informa.es/si/gps/GetProduct/getProduct"/><con:wsrmConfig version="1.2"/></con:call></con:operation><con:operation id="cd64a6fa-a7b8-4dd5-a13c-1bcdbfb7daf5" isOneWay="false" action="" name="getTables" bindingOperationName="getTables" type="Request-Response" outputName="getTablesResponse" inputName="getTables" receivesAttachments="false" sendsAttachments="false" anonymous="optional"><con:settings/><con:call id="aa47627d-d8bb-46a8-8aae-640406003ac6" name="Request 1"><con:settings/><con:encoding>UTF-8</con:encoding><con:endpoint>https://services.informa.es/soap/gps</con:endpoint><con:request><![CDATA[<soapenv:Envelope xmlns:soapenv="http://schemas.xmlsoap.org/soap/envelope/" xmlns:gps="http://services.informa.es/si/gps">\r
   <soapenv:Header/>\r
   <soapenv:Body>\r
      <gps:getTables>\r
         <!--You may enter the following 3 items in any order-->\r
         <userId>?</userId>\r
         <password>?</password>\r
         <languageCode>?</languageCode>\r
      </gps:getTables>\r
   </soapenv:Body>\r
</soapenv:Envelope>]]></con:request><con:wsaConfig mustUnderstand="NONE" version="200508" action="http://services.informa.es/si/gps/GetProduct/getTables"/></con:call></con:operation></con:interface><con:properties/><con:wssContainer/><con:oAuth2ProfileContainer/><con:oAuth1ProfileContainer/><con:sensitiveInformation/></con:soapui-project>